Category,Pillar,Element,Content
OVERVIEW,Brand,Primary Tagline,"Honest Comfort. Expert Care."
OVERVIEW,Brand,Supporting Tagline,"No pressure. No surprises. Just solutions."
OVERVIEW,Brand,Brand Promise,"DFW HVAC delivers honest answers, expert solutions, and an experience designed around you."
OVERVIEW,Brand,Elevator Pitch,"We're a different kind of HVAC company. Our techs aren't paid commission, so they have no reason to sell you something you don't need. We take time to understand your home and recommend solutions that actually fit. We show up on time, respect your home, and stand behind everything we do."

PILLAR 1,Transparency & Trust,Theme,"You'll always know where you stand."
PILLAR 1,Transparency & Trust,One-Word,Honesty
PILLAR 1,Transparency & Trust,Core Promise,No surprises
PILLAR 1,Transparency & Trust,Customer Feeling,"I can trust them"
PILLAR 1,Transparency & Trust,Key Element 1,"Upfront Pricing - Written quotes before work begins. The price we quote is the price you pay."
PILLAR 1,Transparency & Trust,Key Element 2,"No Hidden Fees - No service call fees buried in fine print. No parts markup surprises. No fuel surcharges."
PILLAR 1,Transparency & Trust,Key Element 3,"Non-Commissioned Techs - Our technicians are paid to solve problems, not sell products."
PILLAR 1,Transparency & Trust,Key Element 4,"Honest Recommendations - We'll tell you when a repair makes more sense than a replacement."
PILLAR 1,Transparency & Trust,Key Element 5,"Show Don't Tell - We show you exactly what we find with photos and explanations."
PILLAR 1,Transparency & Trust,Key Element 6,"No Pressure - Take your time to decide. Our quotes are good for 30 days."
PILLAR 1,Transparency & Trust,Customer Promise,"You'll never wonder what you're paying for, why you need it, or whether we're being straight with you. We are."
PILLAR 1,Transparency & Trust,Proof Point 1,Non-commissioned technician pay structure
PILLAR 1,Transparency & Trust,Proof Point 2,Written quotes with itemized breakdown
PILLAR 1,Transparency & Trust,Proof Point 3,Photo/video documentation of all findings
PILLAR 1,Transparency & Trust,Proof Point 4,Free second opinions
PILLAR 1,Transparency & Trust,Proof Point 5,30-day quote validity

PILLAR 2,Consultative Experts,Theme,"We listen first. Then we solve it right."
PILLAR 2,Consultative Experts,One-Word,Expertise
PILLAR 2,Consultative Experts,Core Promise,Right solutions
PILLAR 2,Consultative Experts,Customer Feeling,"They know what they're doing"
PILLAR 2,Consultative Experts,Key Element 1,"Listen First - We ask about your home, your needs, your goals, and your budget before recommending anything."
PILLAR 2,Consultative Experts,Key Element 2,"Whole-Home Assessment - We look at the complete picture—not just the symptom."
PILLAR 2,Consultative Experts,Key Element 3,"Right-Sized Solutions - Proper load calculations, not guesswork. The right system for your home."
PILLAR 2,Consultative Experts,Key Element 4,"Education Not Pressure - We explain the 'why' behind every recommendation."
PILLAR 2,Consultative Experts,Key Element 5,"Precision Installation - Quality is every connection, seal, and calibration. We obsess over details."
PILLAR 2,Consultative Experts,Key Element 6,"Expertise You Can Trust - NATE-certified technicians with ongoing training."
PILLAR 2,Consultative Experts,Customer Promise,"You'll get solutions designed for YOUR home, installed with craftsmanship that lasts—not a one-size-fits-all recommendation."
PILLAR 2,Consultative Experts,Proof Point 1,Manual J load calculations on every installation
PILLAR 2,Consultative Experts,Proof Point 2,NATE-certified technicians (100% of team)
PILLAR 2,Consultative Experts,Proof Point 3,Post-installation performance verification
PILLAR 2,Consultative Experts,Proof Point 4,Photo documentation of completed work
PILLAR 2,Consultative Experts,Proof Point 5,Ongoing technician training program
PILLAR 2,Consultative Experts,Quality Impact,"Average installation: 10-12 year lifespan. Our installation: 15-18 year lifespan."

PILLAR 3,Customer Experience & Guarantee,Theme,"Service designed around you—and we stand behind every job."
PILLAR 3,Customer Experience & Guarantee,One-Word,Care
PILLAR 3,Customer Experience & Guarantee,Core Promise,Easy & guaranteed
PILLAR 3,Customer Experience & Guarantee,Customer Feeling,"They respect me"
PILLAR 3,Customer Experience & Guarantee,Key Element 1,"Respect Your Time - Narrow appointment windows. Real-time tech tracking. On-time arrival."
PILLAR 3,Customer Experience & Guarantee,Key Element 2,"Respect Your Home - Shoe covers always. Drop cloths. Clean up after ourselves."
PILLAR 3,Customer Experience & Guarantee,Key Element 3,"Clear Communication - Appointment confirmations. Tech updates. Post-service follow-up."
PILLAR 3,Customer Experience & Guarantee,Key Element 4,"Easy to Work With - Flexible scheduling. Multiple contact options. Simple payment choices."
PILLAR 3,Customer Experience & Guarantee,Key Element 5,"We Stand Behind It - Satisfaction guarantee. Workmanship warranty. If it's not right, we make it right."
PILLAR 3,Customer Experience & Guarantee,Customer Promise,"We'll make this easy. We'll respect your time and your home. And we'll stand behind everything we do."
PILLAR 3,Customer Experience & Guarantee,Guarantee 1,"Satisfaction Guarantee - If you're not happy, we make it right—period."
PILLAR 3,Customer Experience & Guarantee,Guarantee 2,"On-Time Guarantee - We arrive within your window or we make it right."
PILLAR 3,Customer Experience & Guarantee,Guarantee 3,"Clean Home Guarantee - We leave your home as clean as we found it—or cleaner."
PILLAR 3,Customer Experience & Guarantee,Guarantee 4,"Workmanship Guarantee - [X] years on all installation work."
PILLAR 3,Customer Experience & Guarantee,Guarantee 5,"No-Surprise Pricing Guarantee - The quote is the price. No hidden fees."
PILLAR 3,Customer Experience & Guarantee,Proof Point 1,2-hour appointment windows (not 4-hour)
PILLAR 3,Customer Experience & Guarantee,Proof Point 2,Real-time tech tracking
PILLAR 3,Customer Experience & Guarantee,Proof Point 3,Same-day follow-up on every service call
PILLAR 3,Customer Experience & Guarantee,Proof Point 4,Shoe covers and drop cloths on every visit

MESSAGING,Homepage Hero,Headline,"Honest Comfort. Expert Care."
MESSAGING,Homepage Hero,Subhead,"No sales pressure. No surprise bills. No cutting corners. Just straightforward solutions from experts who listen first, do it right, and stand behind every job."
MESSAGING,Homepage Hero,CTA 1,Get Honest Answers
MESSAGING,Homepage Hero,CTA 2,Schedule Service

MESSAGING,Why Choose Us - Pillar 1,Headline,We Removed the Sales Pressure
MESSAGING,Why Choose Us - Pillar 1,Body,"Our technicians aren't paid commission—they're paid to solve your problem. When we recommend something, it's because you need it, not because we need a sale."

MESSAGING,Why Choose Us - Pillar 2,Headline,Solutions Designed for Your Home
MESSAGING,Why Choose Us - Pillar 2,Body,"Every home is different, so we don't do cookie-cutter recommendations. We start by listening, then design solutions that fit YOUR situation, installed with precision."

MESSAGING,Why Choose Us - Pillar 3,Headline,Service That Respects Your Time
MESSAGING,Why Choose Us - Pillar 3,Body,"Narrow appointment windows. Real-time tech tracking. Shoe covers and clean-up. Follow-up calls. And guarantees that actually mean something."

MESSAGING,Service Headlines,AC Repair,"Honest Diagnosis. Lasting Repairs."
MESSAGING,Service Headlines,AC Installation,"The Right System. Installed Right. Guaranteed."
MESSAGING,Service Headlines,Heating Repair,"Fast Answers. Expert Repairs. Peace of Mind."
MESSAGING,Service Headlines,Heating Installation,"Comfort Engineered for Your Home."
MESSAGING,Service Headlines,Maintenance,"Prevent Problems. Extend Life. No Upsells."
MESSAGING,Service Headlines,Indoor Air Quality,"Breathe Easier. Solutions Based on Your Home."

DIFFERENTIATORS,Quick-Hit,Statement 1,"Non-commissioned technicians — They're paid to solve problems, not sell products."
DIFFERENTIATORS,Quick-Hit,Statement 2,"The quote is the quote — Upfront pricing with no hidden fees."
DIFFERENTIATORS,Quick-Hit,Statement 3,"We'll show you — Photo documentation of everything we find."
DIFFERENTIATORS,Quick-Hit,Statement 4,"Right-sized solutions — Load calculations, not guesswork."
DIFFERENTIATORS,Quick-Hit,Statement 5,"We follow up — Next-day check-in on every service call."
DIFFERENTIATORS,Quick-Hit,Statement 6,"We stand behind it — [X]-year workmanship guarantee."

CAMPAIGNS,Second Opinion,Headline,"Before You Spend $8,000, Spend 30 Minutes With Us."
CAMPAIGNS,Second Opinion,Body,"Free second opinions. Because we've seen too many homeowners pay for work they didn't need."
CAMPAIGNS,Second Opinion,CTA,Get a Free Second Opinion

CAMPAIGNS,Truth Campaign,Headline,"Our Techs Aren't Paid to Sell You Anything."
CAMPAIGNS,Truth Campaign,Body,"We removed commissions so our team can focus on solving your problem."
CAMPAIGNS,Truth Campaign,CTA,Experience Pressure-Free Service

CAMPAIGNS,Right Fit,Headline,"Before We Recommend Anything, We Listen."
CAMPAIGNS,Right Fit,Body,"Every home is different. We design solutions that actually fit—installed with craftsmanship that lasts."
CAMPAIGNS,Right Fit,CTA,Get a Custom Assessment

CAMPAIGNS,Guarantee,Headline,"We Stand Behind Everything. In Writing."
CAMPAIGNS,Guarantee,Body,"Satisfaction guaranteed. On-time guaranteed. Workmanship guaranteed. We make promises we keep."
CAMPAIGNS,Guarantee,CTA,See Our Guarantees

TRUST SIGNALS,Header Bar,Display,"✓ Non-Commissioned Techs | ✓ Upfront Pricing | ✓ [X]-Year Guarantee | ✓ NATE Certified"
TRUST SIGNALS,Badge 1,Text,Non-Commissioned Technicians
TRUST SIGNALS,Badge 2,Text,Upfront Written Quotes
TRUST SIGNALS,Badge 3,Text,[X]-Year Workmanship Guarantee
TRUST SIGNALS,Badge 4,Text,100% Satisfaction Guarantee
TRUST SIGNALS,Badge 5,Text,NATE Certified Team
TRUST SIGNALS,Badge 6,Text,Serving [Coppell/DFW] Since [Year]

VOICE,Attribute 1,Honest,"Direct and clear, no hedging"
VOICE,Attribute 2,Expert,"Knowledgeable but not arrogant"
VOICE,Attribute 3,Warm,"Friendly and approachable"
VOICE,Attribute 4,Respectful,"Values customer's time and intelligence"
VOICE,Attribute 5,Confident,"Stands behind the work"
